{
    "listTemplate1Metadata": {
        "type": "object",
        "objectId": "lt2Metadata",
        "backgroundImage": {
            "contentDescription": null,
            "smallSourceUrl": null,
            "largeSourceUrl": null,
            "sources": [
                {
                    "url": "https://gmsdc.s3.amazonaws.com/InfosmartGMSDC.png",
                    "size": "small",
                    "widthPixels": 0,
                    "heightPixels": 0
                },
                {
                    "url": "https://d2o906d8ln7ui1.cloudfront.net/images/LT1_Background.png",
                    "size": "large",
                    "widthPixels": 0,
                    "heightPixels": 0
                }
            ]
        },
        "title": "Main Menu"
    },
    "listTemplate1ListData": {
        "type": "list",
        "listId": "lt2Sample",
        "totalNumberOfItems": 10,
        "listPage": {
            "listItems": [
                {
                    "listItemIdentifier": "calendar",
                    "ordinalNumber": 1,
                    "textContent": {
                        "primaryText": {
                            "type": "PlainText",
                            "text": "View GMSDC 2019 Calendar"
                        },
                        "secondaryText": {
                            "type": "PlainText",
                            "text": "Say \"Calendar\" or \"select 1\""
                        }
                    },
                   
                    "token": "Calendar"
                },
                {
                    "listItemIdentifier": "MBE's and Corporate Members",
                    "ordinalNumber": 2,
                    "textContent": {
                        "primaryText": {
                            "type": "PlainText",
                            "text": "MBE's and Corporate Members"
                        },
                        "secondaryText": {
                            "type": "PlainText",
                            "text": "Say \"new corporate members\" or \"select 2\""
                        }
                    },
                    
                    "token": "MBE's and Corporate Members"
                },
                {
                    "listItemIdentifier": "Q & A",
                    "ordinalNumber": 3,
                    "textContent": {
                        "primaryText": {
                            "type": "PlainText",
                            "text": "Q & A"
                        },
                        "secondaryText": {
                            "type": "PlainText",
                            "text": "Say \"Q and A\" or \"select 3\""
                        }
                    },
                    
                    "token": "Q and A"
                }
            ]
        }
    }
}