{
    "listTemplate1Metadata": {
        "type": "object",
        "objectId": "lt2Metadata",
        "backgroundImage": {
            "contentDescription": null,
            "smallSourceUrl": null,
            "largeSourceUrl": null,
            "sources": [
                {
                    "url": "https://gmsdc.s3.amazonaws.com/InfosmartGMSDC.png",
                    "size": "small",
                    "widthPixels": 0,
                    "heightPixels": 0
                },
                {
                    "url": "https://d2o906d8ln7ui1.cloudfront.net/images/LT1_Background.png",
                    "size": "large",
                    "widthPixels": 0,
                    "heightPixels": 0
                }
            ]
        },
        "title": "Select a month to view its events"
    },
    "listTemplate1ListData": {
        "type": "list",
        "listId": "lt2Sample",
        "totalNumberOfItems": 10,
        "listPage": {
            "listItems": [
                {
                    "listItemIdentifier": "January",
                    "ordinalNumber": "1",
                    "textContent": {
                        "primaryText": {
                            "type": "PlainText",
                            "text": "January"
                        },
                        "secondaryText": {
                            "type": "PlainText",
                            "text" : "Say \"January\" or \"select 1\""
                        }
                    },
                    
                    "token": "january"
                },
                {
                    "listItemIdentifier": "February",
                    "ordinalNumber": "2",
                    "textContent": {
                        "primaryText": {
                            "type": "PlainText",
                            "text": "February"
                        },
                        "secondaryText": {
                            "type": "PlainText",
                            "text" : "Say \"February\" or \"select 2\""
                        }
                    },
                   
                    "token": "february"
                },
                {
                    "listItemIdentifier": "March",
                    "ordinalNumber": "3",
                    "textContent": {
                        "primaryText": {
                            "type": "PlainText",
                            "text": "March"
                        },
                        "secondaryText": {
                            "type": "PlainText",
                            "text" : "Say \"March\" or \"select 3\""
                        }
                    },
                    
                    "token": "march"
                },
                {
                    "listItemIdentifier": "April",
                    "ordinalNumber": "4",
                    "textContent": {
                        "primaryText": {
                            "type": "PlainText",
                            "text": "April"
                        },
                        "secondaryText": {
                            "type": "PlainText",
                            "text" : "Say \"April\" or \"select 4\""
                        }
                    },
                   
                    "token": "april"
                },
                {
                    "listItemIdentifier": "May",
                    "ordinalNumber": "5",
                    "textContent": {
                        "primaryText": {
                            "type": "PlainText",
                            "text": "May"
                        },
                        "secondaryText": {
                            "type": "PlainText",
                            "text" : "Say \"May\" or \"select 5\""
                        }
                    },
                    
                    "token": "may"
                },
                {
                    "listItemIdentifier": "June",
                    "ordinalNumber": "6",
                    "textContent": {
                        "primaryText": {
                            "type": "PlainText",
                            "text": "June"
                        },
                        "secondaryText": {
                            "type": "PlainText",
                            "text" : "Say \"June\" or \"select 6\""
                        }
                    },
                   
                    "token": "june"
                },
                {
                    "listItemIdentifier": "July",
                    "ordinalNumber": "7",
                    "textContent": {
                        "primaryText": {
                            "type": "PlainText",
                            "text": "July"
                        },
                        "secondaryText": {
                            "type": "PlainText",
                            "text" : "Say \"July\" or \"select 7\""
                        }
                    },
                   
                    "token": "july"
                },
                {
                    "listItemIdentifier": "August",
                    "ordinalNumber": "8",
                    "textContent": {
                        "primaryText": {
                            "type": "PlainText",
                            "text": "August"
                        },
                        "secondaryText": {
                            "type": "PlainText",
                            "text" : "Say \"August\" or \"select 8\""
                        }
                    },
                   
                    "token": "august"
                },
                {
                    "listItemIdentifier": "September",
                    "ordinalNumber": "9",
                    "textContent": {
                        "primaryText": {
                            "type": "PlainText",
                            "text": "September"
                        },
                        "secondaryText": {
                            "type": "PlainText",
                            "text" : "Say \"September\" or \"select 9\""
                        }
                    },
                   
                    "token": "september"
                },
                {
                    "listItemIdentifier": "October",
                    "ordinalNumber": "10",
                    "textContent": {
                        "primaryText": {
                            "type": "PlainText",
                            "text": "October"
                        },
                        "secondaryText": {
                            "type": "PlainText",
                            "text" : "Say \"October\" or \"select 10\""
                        }
                    },
                   
                    "token": "october"
                },
                {
                    "listItemIdentifier": "November",
                    "ordinalNumber": "11",
                    "textContent": {
                        "primaryText": {
                            "type": "PlainText",
                            "text": "November"
                        },
                        "secondaryText": {
                            "type": "PlainText",
                            "text" : "Say \"November\" or \"select 11\""
                        }
                    },
                   
                    "token": "november"
                },
                {
                    "listItemIdentifier": "December",
                    "ordinalNumber": "12",
                    "textContent": {
                        "primaryText": {
                            "type": "PlainText",
                            "text": "December"
                        },
                        "secondaryText": {
                            "type": "PlainText",
                            "text" : "Say \"December\" or \"select 12\""
                        }
                    },
                   
                    "token": "december"
                }
            ]
        }
    }
}