{
    "listTemplate1Metadata": {
        "type": "object",
        "objectId": "lt1Metadata",
        "backgroundImage": {
            "contentDescription": null,
            "smallSourceUrl": null,
            "largeSourceUrl": null,
            "sources": [
                {
                    "url": "https://gmsdc.s3.amazonaws.com/InfosmartGMSDC.png",
                    "size": "small",
                    "widthPixels": 0,
                    "heightPixels": 0
                },
                {
                    "url": "https://gmsdc.s3.amazonaws.com/InfosmartGMSDC.png",
                    "size": "large",
                    "widthPixels": 0,
                    "heightPixels": 0
                }
            ]
        },
        "title": "Frequently Asked Questions",
        "logoUrl": ""
    },
    "listTemplate1ListData": {
        "type": "list",
        "listId": "lt1Sample",
        "totalNumberOfItems": 10,
        "listPage": {
            "listItems": [
                {
                    "listItemIdentifier": "overview",
                    "ordinalNumber": 1,
                    "textContent": {
                        "primaryText": {
                            "type": "PlainText",
                            "text": "Certfication Overview"
                        },
                        "secondaryText": {
                            "type": "PlainText",
                            "text": ""
                        },
                        "tertiaryText": {
                            "type": "PlainText",
                            "text": ""
                        }
                    },
                    "token": "overview"
                },
                {
                    "listItemIdentifier": "criteria",
                    "ordinalNumber": 2,
                    "textContent": {
                        "primaryText": {
                            "type": "PlainText",
                            "text": "Certification Criteria"
                        },
                        "secondaryText": {
                            "type": "RichText",
                            "text": ""
                        },
                        "tertiaryText": {
                            "type": "PlainText",
                            "text": ""
                        }
                    },
                    "token": "criteria"
                },
                {
                    "listItemIdentifier": "documentation",
                    "ordinalNumber": 3,
                    "textContent": {
                        "primaryText": {
                            "type": "PlainText",
                            "text": "Required Documentation"
                        },
                        "secondaryText": {
                            "type": "RichText",
                            "text": ""
                        },
                        "tertiaryText": {
                            "type": "PlainText",
                            "text": ""
                        }
                    },
                    "token": "documentation"
                },
                {
                    "listItemIdentifier": "appproces",
                    "ordinalNumber": 4,
                    "textContent": {
                        "primaryText": {
                            "type": "PlainText",
                            "text": "Application Process"
                        },
                        "secondaryText": {
                            "type": "RichText",
                            "text": ""
                        },
                        "tertiaryText": {
                            "type": "PlainText",
                            "text": ""                        }
                    },
                    "token": "appproces"
                },
                {
                    "listItemIdentifier": "stndprocess",
                    "ordinalNumber": 5,
                    "textContent": {
                        "primaryText": {
                            "type": "PlainText",
                            "text": "Our Stardardization Process"
                        },
                        "secondaryText": {
                            "type": "RichText",
                            "text": ""
                        },
                        "tertiaryText": {
                            "type": "PlainText",
                            "text": ""
                        }
                    },
                    "token": "stndprocess"
                },
                {
                    "listItemIdentifier": "misc",
                    "ordinalNumber": 6,
                    "textContent": {
                        "primaryText": {
                            "type": "PlainText",
                            "text": "Miscellaneous"
                        },
                        "secondaryText": {
                            "type": "RichText",
                            "text": ""
                        },
                        "tertiaryText": {
                            "type": "PlainText",
                            "text": ""
                        }
                    },
                    "token": "misc"
                }
            ]
        }
    }
}
